scenario;sleep;odv_oh2;pi_calc;odv_oh1;total
1;0.191816212;0.003646186;0.801740416;0.002794408;0.999997222
2;0.187638486;0.007352419;0.801947128;0.003059189;0.999997222