scenario;sleep;odv_oh2;pi_calc;odv_oh1
1;0.191335;0.004732789;0.801166667;0.002762292
2;0.194028333;0.001804784;0.801255556;0.002908914
3;0.191338333;0.004728357;0.801161111;0.00276954
4;0.194002222;0.001831271;0.80125;0.002912852