scenario;sleep;odv_oh2;pi_calc;diskio;camio;odv_oh1
1;0.176780556;0.000444448;0.728494444;0.037491222;0.056456667;0.000305933
2;0.182230556;0.00276298;0.699705556;0.048994722;0.065928333;0.000347175
3;0.174820556;0.000496104;0.728938889;0.039924;0.055453833;0.000336988
4;0.183384444;0.001046793;0.7015;0.052228333;0.061442778;0.000371047