scenario;sleep;odv_oh2;pi_calc;diskio;camio;odv_oh1
1;0.197681321;0.000620217;0.7271967;0.017389305;0.056439661;0.00064502
2;0.197273142;0.001111858;0.703721953;0.032798626;0.064312665;0.000753979
3;0.197110799;0.000659497;0.725170578;0.019324968;0.057058602;0.00064778
4;0.195847798;0.001299573;0.70112162;0.036134502;0.064795708;0.00077302